,Demand
Ang Mo Kio,4980
Cheng San,29050
Chong Boon,27120
Kebun Bahru,23310
Sembawang Hills,6910
Shangri-La,17620
Tagore,8330
Townsville,23290
Yio Chu Kang East,4010
Yio Chu Kang West,26300
Bayshore,7370
Bedok North,84400
Bedok Reservoir,26030
Bedok South,49840
Frankel,33710
Kaki Bukit,40070
Kembangan,38980
Siglap,6780
Bishan East,28900
Marymount,31010
Upper Thomson,30190
Liu Fang,10
Samulun,10
Tukang,10
Bukit Batok Central,25720
Bukit Batok East,14270
Bukit Batok South,13740
Bukit Batok West,14940
Gombak,9920
Guilin,13310
Hillview,18290
Hong Kah North,27870
Alexandra Hill,15360
Alexandra North,1040
Bukit Ho Swee,16040
Bukit Merah,1150
City Terminals,40
Depot Road,5340
Everton Park,9050
Henderson Hill,12240
Kampong Tiong Bahru,10270
Maritime Square,2650
Redhill,12060
Singapore General Hospital,10
Telok Blangah Drive,16030
Telok Blangah Rise,13530
Telok Blangah Way,10500
Tiong Bahru,12830
Tiong Bahru Station,16340
Bangkit,23150
Dairy Farm,5800
Fajar,28560
Jelebu,32710
Nature Reserve,3850
Saujana,26400
Senja,20930
Anak Bukit,22000
Coronation Road,6250
Farrer Court,5590
Hillcrest,8940
Holland Road,10260
Leedon Park,6350
Swiss Club,5630
Ulu Pandan,10630
Choa Chu Kang Central,21880
Choa Chu Kang North,33980
Keat Hong,19200
Peng Siang,34320
Teck Whye,26620
Yew Tee,43150
Clementi Central,13230
Clementi North,29100
Clementi West,16460
Clementi Woods,16340
Faber,4320
Pandan,10
Sunset Way,6170
Toh Tuck,30
West Coast,5980
Bugis,2200
Cecil,180
Central Subzone,550
City Hall,60
Marina Centre,20
Raffles Place,60
Tanjong Pagar,550
Aljunied,41050
Geylang East,32730
Kallang Way,50
Kampong Ubi,12890
Macpherson,29180
Defu Industrial Park,30
Hougang Central,4730
Hougang East,22740
Hougang West,48560
Kangkar,28770
Kovan,26060
Lorong Ah Soo,33450
Tai Seng,14430
Trafalgar,44100
International Business Park,10
Jurong Gateway,20
Jurong River,10
Lakeside Mrt,960
Teban Gardens Road,19810
Toh Guan centre,16180
Yuhua zone 6 ,27000
Yuhua Secondary school ,20660
Boon LaySecondary school ,31040
"Hua Yi scondary school,Singapore",55900
Jurong West ,67420
Kian Teck,40
Taman Jurong,37280
Wenya,8580
Yunnan,70100
Bendemeer,33820
Boon Keng,10810
Crawford,9600
Geylang Bahru,12630
Kallang Bahru,20
Kampong Bugis,870
Kampong Java,11080
Lavender,10210
Tanjong Rhu,11220
Lim Chu Kang,100
Mandai Estate,2150
Katong,9510
Marine Parade,28450
Mountbatten,10350
Bras Basah,10
Dhoby Ghaut,230
Fort Canning,170
Cairnhill,3440
Goodwood Park,990
Istana Negara,40
Monk's Hill,990
Newton Circus,230
Orange Grove,1450
North-Eastern Islands,60
Balestier,31860
Dunearn,3910
Malcolm,2610
Moulmein,8580
Mount Pleasant,670
Boulevard,420
Somerset,60
Tanglin,410
China Square,1530
Chinatown,11550
Pearl's Hill,8030
People's Park,330
Flora Drive,13960
Loyang East,2190
Loyang West,200
Pasir Ris Central,27950
Pasir Ris Drive,58140
Pasir Ris Park,4850
Pasir Ris Wafer Fab Park,20
Pasir Ris West,35620
Paya Lebar East,10
Paya Lebar North,30
Gul Basin,20
Gul Circle,40
Joo Koon,30
Matilda,37380
Northshore,290
Punggol Field,45200
Punggol Town Centre,11640
Waterway East,35860
Commonwealth,7940
Dover,12590
Ghim Moh,11810
Holland Drive,14000
Kent Ridge,1020
Margaret Drive,13660
Mei Chin,16430
National University Of S'pore,290
One North,600
Pasir Panjang 1,4090
Pasir Panjang 2,3430
Queensway,280
Singapore Polytechnic,170
Tanglin Halt,12920
Institution Hill,3370
Leonie Hill,2530
One Tree Hill,1860
Oxley,1400
Paterson,180
Bencoolen,1450
Farrer Park,3030
Kampong Glam,180
Little India,3700
Mackenzie,120
Mount Emily,1170
Rochor Canal,10
Selegie,250
Sungei Road,2350
Victoria,2030
Seletar,230
Seletar Aerospace Park,20
Admiralty,14510
Sembawang Central,28830
Sembawang East,90
Sembawang North,27110
Sembawang Springs,5010
Sembawang Straits,1750
Senoko North,20
Senoko South,20
Anchorvale,39170
Compassvale,18680
Fernvale,44570
Rivervale,61220
Sengkang Town Centre,55740
Sengkang West,10
Lorong Chuan,8390
Seletar Hills,13820
Serangoon Central,26060
Serangoon Garden,38620
Serangoon North,17040
Serangoon North Ind Estate,20
Upper Paya Lebar,16050
Clarke Quay,120
Robertson Quay,2570
Sentosa,1600
Gali Batu,130
Kranji,20
Pang Sua,20
Reservoir View,20
Turf Club,670
Simei,41880
Tampines East,137580
Tampines West,77820
Xilin,1830
Chatsworth,6000
Nassim,8720
Ridout,1360
Tyersall,3570
Tengah,10
Boon Teck,14780
Braddell,10610
Joo Seng,6670
Kim Keat,8600
Lorong 8 Toa Payoh,8040
Pei Chun,11480
Potong Pasir,12420
Sennett,4560
Toa Payoh Central,30280
Toa Payoh West,12930
Woodleigh,2410
Tuas Bay,20
Tuas North,20
Tuas Promenade,10
Tuas View,20
Western Water Catchment,800
Greenwood Park,90
Midview,36030
North Coast,14220
Senoko West,20
Woodgrove,35930
Woodlands East,94280
Woodlands Regional Centre,10
Woodlands South,36450
Woodlands West,32770
Khatib,10600
Lower Seletar,4600
Nee Soon,900
Northland,30520
Springleaf,4010
Yishun Central,1460
Yishun East,56750
Yishun South,38180
Yishun West,58820
